Workbook

Sheet 안내
A1: 사주도령 데일리 트래커 — 사용 안내
A3: 목적 | B3: 측정→교정 루프. 매일 콘텐츠로그·판매로그 입력 → 일일요약이 자동 집계.
A4: 핵심 KPI | B4: ① 외부링크 클릭수(현재 기준선: IG 90일 66건) ② 문의→결제 전환율 ③ 일매출(목표 200,000)
A5: 재활성 귀속 | B5: 카카오 5일 캠페인 유입은 신청 시 '재오픈' 키워드로 구분 → 판매로그 first_keyword에 기록
A6: 시트 | B6: 콘텐츠로그 / 판매로그 / 일일요약 / 캠페인_재활성
A7: 개인정보 | B7: 판매로그 이름은 익명코드(예: K-001) 사용. 생년월일시 등 민감정보는 여기 적지 말 것.
A8: 가격 | B8: 입문 9,900 / 코어 29,000 / 프리미엄 59,000 (옵션 궁합 +20,000·당일 +5,000)
A9: 주의 | B9: 재생성 스크립트는 덮어쓰므로 데이터 입력 후엔 백업 후 실행.

Sheet 콘텐츠로그
A1: date | B1: channel | C1: content_id | D1: hook_type | E1: url | F1: cta | G1: link_variant | H1: kakao_keyword | I1: views | J1: comments | K1: saves | L1: shares | M1: profile_clicks | N1: ext_link_clicks | O1: kakao_inflow | P1: menu_clicks | Q1: inquiries | R1: payments | S1: revenue | T1: offer | U1: pdf_delivered | V1: extra_q | W1: repurchase | X1: notes

Sheet 판매로그
A1: date | B1: 익명코드 | C1: offer | D1: price | E1: source_channel | F1: first_keyword | G1: payment_status | H1: delivery_status | I1: refund | J1: notes

Sheet 일일요약
A1: date | B1: total_views | C1: ext_link_clicks | D1: kakao_inflow | E1: inquiries | F1: 결제건수(자동) | G1: 매출(자동) | H1: 목표 | I1: 갭(자동)
F2: =COUNTIFS(판매로그!$A:$A,$A2,판매로그!$G:$G,"입금완료") | G2: =SUMIFS(판매로그!$D:$D,판매로그!$A:$A,$A2,판매로그!$G:$G,"입금완료") | H2: 200000 | I2: =H2-G2
F3: =COUNTIFS(판매로그!$A:$A,$A3,판매로그!$G:$G,"입금완료") | G3: =SUMIFS(판매로그!$D:$D,판매로그!$A:$A,$A3,판매로그!$G:$G,"입금완료") | H3: 200000 | I3: =H3-G3
F4: =COUNTIFS(판매로그!$A:$A,$A4,판매로그!$G:$G,"입금완료") | G4: =SUMIFS(판매로그!$D:$D,판매로그!$A:$A,$A4,판매로그!$G:$G,"입금완료") | H4: 200000 | I4: =H4-G4
F5: =COUNTIFS(판매로그!$A:$A,$A5,판매로그!$G:$G,"입금완료") | G5: =SUMIFS(판매로그!$D:$D,판매로그!$A:$A,$A5,판매로그!$G:$G,"입금완료") | H5: 200000 | I5: =H5-G5
F6: =COUNTIFS(판매로그!$A:$A,$A6,판매로그!$G:$G,"입금완료") | G6: =SUMIFS(판매로그!$D:$D,판매로그!$A:$A,$A6,판매로그!$G:$G,"입금완료") | H6: 200000 | I6: =H6-G6
F7: =COUNTIFS(판매로그!$A:$A,$A7,판매로그!$G:$G,"입금완료") | G7: =SUMIFS(판매로그!$D:$D,판매로그!$A:$A,$A7,판매로그!$G:$G,"입금완료") | H7: 200000 | I7: =H7-G7
F8: =COUNTIFS(판매로그!$A:$A,$A8,판매로그!$G:$G,"입금완료") | G8: =SUMIFS(판매로그!$D:$D,판매로그!$A:$A,$A8,판매로그!$G:$G,"입금완료") | H8: 200000 | I8: =H8-G8
F9: =COUNTIFS(판매로그!$A:$A,$A9,판매로그!$G:$G,"입금완료") | G9: =SUMIFS(판매로그!$D:$D,판매로그!$A:$A,$A9,판매로그!$G:$G,"입금완료") | H9: 200000 | I9: =H9-G9
F10: =COUNTIFS(판매로그!$A:$A,$A10,판매로그!$G:$G,"입금완료") | G10: =SUMIFS(판매로그!$D:$D,판매로그!$A:$A,$A10,판매로그!$G:$G,"입금완료") | H10: 200000 | I10: =H10-G10
F11: =COUNTIFS(판매로그!$A:$A,$A11,판매로그!$G:$G,"입금완료") | G11: =SUMIFS(판매로그!$D:$D,판매로그!$A:$A,$A11,판매로그!$G:$G,"입금완료") | H11: 200000 | I11: =H11-G11
F12: =COUNTIFS(판매로그!$A:$A,$A12,판매로그!$G:$G,"입금완료") | G12: =SUMIFS(판매로그!$D:$D,판매로그!$A:$A,$A12,판매로그!$G:$G,"입금완료") | H12: 200000 | I12: =H12-G12
F13: =COUNTIFS(판매로그!$A:$A,$A13,판매로그!$G:$G,"입금완료") | G13: =SUMIFS(판매로그!$D:$D,판매로그!$A:$A,$A13,판매로그!$G:$G,"입금완료") | H13: 200000 | I13: =H13-G13
... F21: =COUNTIFS(판매로그!$A:$A,$A21,판매로그!$G:$G,"입금완료") | G21: =SUMIFS(판매로그!$D:$D,판매로그!$A:$A,$A21,판매로그!$G:$G,"입금완료") | H21: 200000 | I21: =H21-G21

Sheet 캠페인_재활성
A1: Day | B1: 메시지 | C1: 형태 | D1: 발송시각 | E1: 비용 | F1: 도달 | G1: 클릭 | H1: 문의(재오픈) | I1: 결제 | J1: 매출 | K1: notes
A3: D1 | B3: M1 가치+재오픈 예고 | C3: 유료 채널메시지 | E3: 70000
A4: D2 | B4: M2 스토리/오픈루프 | C4: 무료 소식 | E4: 0
A5: D3 | B5: M3 오퍼 공개(핵심) | C5: 유료 채널메시지 | E5: 70000
A6: D4 | B6: M4 히든베니핏+후기 | C6: 무료 소식 | E6: 0
A7: D5 | B7: M5 마감 D-day | C7: 유료 채널메시지 | E7: 70000
A8: 합계 | E8: =SUM(E2:E6) | J8: =SUM(J2:J6)
A9: ROI | B9: =IF(E8=0,"",J8/E8)
